title,imgpath,salesprice
"Apple iPhone 13 (128 GB Storage, Midnight)",https://d2xamzlzrdbdbn.cloudfront.net/products/e329f789-804e-412e-b090-ee8998b14fd621170553.jpg,62900
"Apple iPhone 13 (128 GB Storage, Starlight)",https://d2xamzlzrdbdbn.cloudfront.net/products/1ed5895d-b2c4-4056-a482-41b1a7e45f5221170555.jpg,62900
"Apple iPhone 14 (128 GB, Blue)",https://d2xamzlzrdbdbn.cloudfront.net/products/cba3931e-2326-43e2-88ce-296d45a6632e22081150.jpg,71900
"Apple iPhone 13 (128 GB, Green)",https://d2xamzlzrdbdbn.cloudfront.net/products/dd6cabec-a0f9-4b30-89fc-9a2ee48301f622111157.jpg,62900
"Apple iPhone 14 Pro (128 GB Storage, Space Black)",https://d2xamzlzrdbdbn.cloudfront.net/products/4a7c5b91-2fc2-4d37-9b19-c6b2ca87fa4922081155.jpg,129400
"Apple iPhone 14 (128 GB, Purple)",https://d2xamzlzrdbdbn.cloudfront.net/products/b04293a0-6618-4d0c-8011-518237ae2fae22081222.jpg,71900
"Open Box (Demo Unit) Apple iPhone 12 (64 GB, Blue)",https://d2xamzlzrdbdbn.cloudfront.net/products/61b46b57-002a-4620-baaa-e3f624eaea1e22241350.jpg,53800
"Apple iPhone 13 (128 GB Storage, Blue)",https://d2xamzlzrdbdbn.cloudfront.net/products/5e29626d-e78a-4b90-a623-eb53ae31c4ab21170552.jpg,62900
"Apple iPhone 13 (128 GB Storage, Pink)",https://d2xamzlzrdbdbn.cloudfront.net/products/3649c0cc-3151-4501-b5b4-66adad7962d621170554.jpg,62900
"Apple iPhone 12 (128 GB, Green)",https://d2xamzlzrdbdbn.cloudfront.net/products/aeb59c96-ff3c-43e5-be94-254c2abde80a.jpg,57800
"Apple iPhone 14 Plus (128 GB, Blue)",https://d2xamzlzrdbdbn.cloudfront.net/products/dfd944a0-6c5b-4cfc-a51a-7233352c9e5a22090602.jpg,81700
"Apple iPhone 14 Pro (256 GB, Deep Purple)",https://d2xamzlzrdbdbn.cloudfront.net/products/d743f8ba-0132-4387-9672-1a76802d813222090547.jpg,138900
"Apple iPhone 14 (128 GB, Starlight)",https://d2xamzlzrdbdbn.cloudfront.net/products/e9bd9fa2-fcdf-445d-8d73-4b723a4fffd922081212.jpg,71900
"Apple iPhone 14 (128 GB, Midnight)",https://d2xamzlzrdbdbn.cloudfront.net/products/e41cc14e-ef76-485a-a0f4-e67bb80ef50222081201.jpg,71900
"Apple iPhone 14 (256 GB, Blue)",https://d2xamzlzrdbdbn.cloudfront.net/products/30e64bd7-fd9d-4d5d-a88a-cc9481b4726522081151.jpg,83490
"Apple iPhone 14 Plus (128 GB, Starlight)",https://d2xamzlzrdbdbn.cloudfront.net/products/e63194ca-9a26-41e0-9264-e8e5e7c158d422090538.jpg,81700
"Apple iPhone 13 (256 GB Storage, Starlight)",https://d2xamzlzrdbdbn.cloudfront.net/products/14b99442-e7bb-4414-ad11-85b92272902621170602.jpg,73900
"Apple iPhone 14 Pro Max (256 GB, Space Black)",https://d2xamzlzrdbdbn.cloudfront.net/products/b920ccfb-84c4-4086-a9a5-4831e33cefa922090603.jpg,148900
"Apple iPhone 14 Pro (128 GB, Gold)",https://d2xamzlzrdbdbn.cloudfront.net/products/509de2d9-cd93-43e1-859d-19933800f43d22081214.jpg,129400
"Apple iPhone 14 Plus (128 GB, Purple)",https://d2xamzlzrdbdbn.cloudfront.net/products/ecc0a522-1663-40f1-a6da-f5efbd42641022090548.jpg,81700
"Apple iPhone 14 Plus (128 GB, Midnight)",https://d2xamzlzrdbdbn.cloudfront.net/products/c2ea4a79-e632-419d-805e-bc6e56d7132e22090519.jpg,81700
"Apple iPhone 13 (256 GB Storage, Midnight)",https://d2xamzlzrdbdbn.cloudfront.net/products/d48be88c-dc7e-403f-841c-987a0866979f21170600.jpg,73900
"Apple iPhone 14 Pro (128 GB, Deep Purple)",https://d2xamzlzrdbdbn.cloudfront.net/products/9e587711-afbd-4c1f-915a-c11fc9583eb722081222.jpg,129400
"Apple iPhone 14 Pro Max (128 GB, Deep Purple)",https://d2xamzlzrdbdbn.cloudfront.net/products/676f8319-e763-4812-8c24-0d60767480a822090646.jpg,138900
"Apple iPhone 14 (256 GB, Midnight)",https://d2xamzlzrdbdbn.cloudfront.net/products/4800b66e-6f49-4643-bcb9-c64697d9012a22081202.jpg,83490
"Apple iPhone 14 Pro Max (128 GB, Gold)",https://d2xamzlzrdbdbn.cloudfront.net/products/d6d21d21-f3e4-431f-8a8f-e6a36db4e92422090632.jpg,138900
"Apple iPhone 14 (256 GB, Starlight)",https://d2xamzlzrdbdbn.cloudfront.net/products/bce3d03e-1b6a-48ed-b6c0-3f480fe376b722081211.jpg,83490
"Apple iPhone 14 (256 GB, Purple)",https://d2xamzlzrdbdbn.cloudfront.net/products/ec641baf-f3f4-4446-a0d6-ce347743291c22081221.jpg,83490
"Apple iPhone 14 Pro (128 GB, Silver)",https://d2xamzlzrdbdbn.cloudfront.net/products/f48b44a5-9891-48cf-a5cc-857c80f851ab22081208.jpg,129400
"Apple iPhone 14 Pro (256 GB, Silver)",https://d2xamzlzrdbdbn.cloudfront.net/products/85bbe2d0-3c31-444f-8a7d-67417411e0ac22090518.jpg,138900
"Apple iPhone 14 Pro Max (128 GB, Space Black)",https://d2xamzlzrdbdbn.cloudfront.net/products/be013621-8b86-466b-be1a-ffa018b59ed922090603.jpg,138900
"Apple iPhone 14 Pro (256 GB, Space Black)",https://d2xamzlzrdbdbn.cloudfront.net/products/59fe1e60-781b-4b4d-8dd8-b0b5d06f2ae822090506.jpg,138900
"Apple iPhone 14 Pro Max (256 GB, Deep Purple)",https://d2xamzlzrdbdbn.cloudfront.net/products/3faafc34-74fa-40d5-8d7d-70105c962e2d22090646.jpg,148900
"Apple iPhone 14 Pro Max (1 TB, Deep Purple)",https://d2xamzlzrdbdbn.cloudfront.net/products/f2f33e27-67f2-481f-aedd-96b93262a5f222090647.jpg,180900
"Apple iPhone 13 (512 GB Storage, Midnight)",https://d2xamzlzrdbdbn.cloudfront.net/products/5d3e7a86-5bfa-4d1c-bf60-916560beed6a21170608.jpg,92900
"Apple iPhone 14 Pro Max (128 GB, Silver)",https://d2xamzlzrdbdbn.cloudfront.net/products/ed5e9892-532e-45af-9ced-cfbeffbd403222090617.jpg,138900
"Apple iPhone 14 Pro (512 GB, Deep Purple)",https://d2xamzlzrdbdbn.cloudfront.net/products/9b613209-835c-4def-bb91-ac576248298222090547.jpg,151900
"Apple iPhone 14 Pro Max (1 TB, Gold)",https://d2xamzlzrdbdbn.cloudfront.net/products/29322f47-cbf2-4ce5-94d5-c3b68deb6b6f22090634.jpg,180900
"Apple iPhone 14 (512 GB, Yellow)",https://d2xamzlzrdbdbn.cloudfront.net/products/b00845af-97f7-4ff8-b499-b445705996a923101137.jpg,103900
"Apple iPhone 14 Pro (256 GB, Gold)",https://d2xamzlzrdbdbn.cloudfront.net/products/4bc2718d-5de4-4e00-8e5a-71b9aef6318b22090533.jpg,138900
"Apple iPhone 14 Plus (512 GB, Midnight)",https://d2xamzlzrdbdbn.cloudfront.net/products/0936d6f9-d9cd-42ee-a7df-2a2b069af0a722090519.jpg,110999
"Apple iPhone 14 Pro (1 TB, Space Black)",https://d2xamzlzrdbdbn.cloudfront.net/products/be30db02-c1fa-407b-b94b-fd989ecdbe2822090502.jpg,170900
"Apple iPhone 14 Pro (512 GB, Space Black)",https://d2xamzlzrdbdbn.cloudfront.net/products/f457772c-b4f4-4e9e-852b-690aba6ebc5322090504.jpg,151900
"Apple iPhone 14 (512 GB, Blue)",https://d2xamzlzrdbdbn.cloudfront.net/products/d4af0cdc-25c3-4cbd-bb57-00574c909cee22081149.jpg,103900
"Apple iPhone 12 (128 GB, Green)",https://d2xamzlzrdbdbn.cloudfront.net/products/aeb59c96-ff3c-43e5-be94-254c2abde80a.jpg,57800
"Open Box (Demo Unit) Apple iPhone 13 Pro Max (128 GB, Sierra Blue)",https://d2xamzlzrdbdbn.cloudfront.net/products/e6d390ff-dfc9-488e-8978-85e9cc29dbb522241401.jpg,95500
"Open Box (Demo Unit) Apple iPhone 11 (64 GB, Black)",https://d2xamzlzrdbdbn.cloudfront.net/products/77a3883c-2699-4082-a6d1-9812df54372a22241350.jpg,35500
"Open Box (Demo Unit) Apple iPhone 13 (128 GB Storage, Blue)",https://d2xamzlzrdbdbn.cloudfront.net/products/c1122fc0-2864-4a0d-8502-f37c4ef8036f22241419.jpg,50500
"Open Box (Demo Unit) Apple iPhone 13 Mini (128 GB Storage, Pink)",https://d2xamzlzrdbdbn.cloudfront.net/products/d7754a2c-6dfe-42a6-88c0-a9b8ece1a7f222241433.jpg,46700
"Open Box (Demo Unit) Apple iPhone 13  Pro (128 GB, Alpine Green)",https://d2xamzlzrdbdbn.cloudfront.net/products/617bdedb-2aae-4fd9-b6bc-707d7489f3b622241421.jpg,88000
"Apple iPhone 11 (64 GB, Purple)",https://d2xamzlzrdbdbn.cloudfront.net/products/a0e4a716-1040-43a6-808c-817b38cc6c1d.jpg,40900
"Apple iPhone 14 Plus (256 GB, Midnight)",https://d2xamzlzrdbdbn.cloudfront.net/products/a47079b1-f958-405c-b7fc-ce90d5f9a1a722090519.jpg,91900
"Apple iPhone 12 (64 GB, Blue)",https://d2xamzlzrdbdbn.cloudfront.net/products/247fbe63-1134-4fd6-ba39-a32f4577fafa.jpg,54600
"Apple iPhone 11 (64 GB, Green)",https://d2xamzlzrdbdbn.cloudfront.net/products/82a80b4d-1f77-4e7d-934a-c12eb5795ede.jpg,40900
"Apple iPhone 11 (64 GB, (Product) Red)",https://d2xamzlzrdbdbn.cloudfront.net/products/91c21e3f-c0d9-417f-9c58-9c1bfd77af63.jpg,40900
"Apple iPhone 12 (64 GB, Purple)",https://d2xamzlzrdbdbn.cloudfront.net/products/2a44f326-9f2b-48a2-8bcf-f06486ad9602.jpg,54600
"Apple iPhone 11 (128 GB Storage, Yellow)",https://d2xamzlzrdbdbn.cloudfront.net/products/d92ffc8e-cbf1-47c5-a763-ec628889dbda21011313.jpg,48900
"Apple iPhone 14 Pro Max (256 GB, Gold)",https://d2xamzlzrdbdbn.cloudfront.net/products/3ec5a4d7-4396-48e3-9c0e-f333e8b9b34322090633.jpg,148900
"Apple iPhone 12 (64 GB, Black)",https://d2xamzlzrdbdbn.cloudfront.net/products/f63ea45d-744b-4d05-9d48-eee9143ebf48.jpg,54600
"Apple iPhone 13 (128 GB Storage, (Product) Red)",https://d2xamzlzrdbdbn.cloudfront.net/products/72118288-6495-4a00-963a-31c08679180621170551.jpg,62900
"Apple iPhone 12 (128 GB, Black)",https://d2xamzlzrdbdbn.cloudfront.net/products/7b3d514b-a469-469b-8c0e-4bf5140438cb.jpg,57800
"Apple iPhone 14 Plus (128 GB, Yellow)",https://d2xamzlzrdbdbn.cloudfront.net/products/692fa239-be8f-4df8-8e09-5acb2bf4d12e23101143.jpg,81700
"Apple iPhone 14 (128 GB, Yellow)",https://d2xamzlzrdbdbn.cloudfront.net/products/72888537-89f1-4e05-b3be-9a69021c583c23101255.jpg,71900
"Apple iPhone SE 3rd Gen (64 GB Storage, (Product)Red)",https://d2xamzlzrdbdbn.cloudfront.net/products/13bcf2d1-4a87-46c8-a334-033eec5afd9122111215.jpg,41700
"Apple iPhone 13 Pro (256 GB Storage, Gold)",https://d2xamzlzrdbdbn.cloudfront.net/products/f697df2f-ff51-4e22-9ecc-99f2a9fae1df21170623.jpg,120900
"Apple iPhone 14 Plus (128 GB, (Product)Red)",https://d2xamzlzrdbdbn.cloudfront.net/products/9724fab6-d654-48a7-ba2c-be1a66d0949322090611.jpg,80700
"Apple iPhone SE 3rd Gen (64 GB Storage, Midnight)",https://d2xamzlzrdbdbn.cloudfront.net/products/f6b4185e-871c-4379-a945-f801197ec1fc22111145.jpg,41700
"Apple iPhone SE 3rd Gen (128GB Storage, Starlight)",https://d2xamzlzrdbdbn.cloudfront.net/products/0cb582b8-9501-49ca-ba35-c6d3c230164722111229.jpg,46500
"Apple iPhone 14 Plus (256 GB, Starlight)",https://d2xamzlzrdbdbn.cloudfront.net/products/580fb721-2d74-4914-9d0b-429a5e6031be22090540.jpg,91900
"Apple iPhone 13 Mini (128 GB Storage, Starlight)",https://d2xamzlzrdbdbn.cloudfront.net/products/a84d98fc-a800-46d7-b84a-e339e4fbc5c621170532.jpg,64900
"Apple iPhone 14 (256 GB, Yellow)",https://d2xamzlzrdbdbn.cloudfront.net/products/43732b37-abae-4767-902b-a22304faebc323101129.jpg,83490
"Apple iPhone 13 Pro (128 GB Storage, Graphite)",https://d2xamzlzrdbdbn.cloudfront.net/products/bbb576ed-243d-4a03-b4ed-991f6c13deb321170616.jpg,106900
"Apple iPhone 13 (256 GB Storage, Blue)",https://d2xamzlzrdbdbn.cloudfront.net/products/5370a373-8bfc-4308-b0aa-0ebaea0c326621170559.jpg,73900
"Apple iPhone 13 Pro (128 GB Storage, Sierra Blue)",https://d2xamzlzrdbdbn.cloudfront.net/products/a6cd4796-dd47-41ad-99ec-7849621ce45e21170616.jpg,106900
"Apple iPhone 13 (256 GB, Green)",https://d2xamzlzrdbdbn.cloudfront.net/products/919a458c-1af4-4ce7-a572-55d3c696c3a622111207.jpg,73900
"Apple iPhone 13 Mini (256 GB Storage, Midnight)",https://d2xamzlzrdbdbn.cloudfront.net/products/0263fdf5-105c-4e86-8245-55c8ac34c83321170537.jpg,74900
"Apple iPhone 14 (128 GB, (Product)Red)",https://d2xamzlzrdbdbn.cloudfront.net/products/13933947-12ac-4a86-8b46-c04a9831dd0a22090511.jpg,71900
"Apple iPhone SE 3rd Gen (64 GB Storage, Starlight)",https://d2xamzlzrdbdbn.cloudfront.net/products/8641df34-d0f2-45ef-89ab-0e0c48b2d3e222111202.jpg,43900
"Apple iPhone 14 Pro Max (512 GB, Deep Purple)",https://d2xamzlzrdbdbn.cloudfront.net/products/3beb4531-a603-4979-8efb-1f6963c1c0fe22090647.jpg,161900
"Apple iPhone 13 (256 GB Storage, (Product) Red)",https://d2xamzlzrdbdbn.cloudfront.net/products/217333b1-d0f9-4abe-b5e7-8889a79ba90921170556.jpg,73900
"Apple iPhone SE 3rd Gen (256GB Storage, Starlight)",https://d2xamzlzrdbdbn.cloudfront.net/products/6c9aa136-3a09-41cd-974c-8983dca12b4d22111303.jpg,58900
"Apple iPhone 14 Plus (256 GB, (Product)Red)",https://d2xamzlzrdbdbn.cloudfront.net/products/b3dff72c-2d3b-47b5-9fe5-ab8665205a6722090610.jpg,90900
"Apple iPhone 13 Mini (256 GB Storage, Starlight)",https://d2xamzlzrdbdbn.cloudfront.net/products/bbb79240-1e59-4160-94cc-861d5339130e21170540.jpg,74900
"Apple iPhone 13 Mini (128 GB Storage, Pink)",https://d2xamzlzrdbdbn.cloudfront.net/products/2fc6d630-bafc-498a-98b0-ce228497278321170530.jpg,64900
"Apple iPhone 13 Mini (128 GB Storage, Midnight)",https://d2xamzlzrdbdbn.cloudfront.net/products/8464103a-ecad-40f4-a2c9-7a268292d14c21170529.jpg,64900
"Apple iPhone 14 Plus (256 GB, Yellow)",https://d2xamzlzrdbdbn.cloudfront.net/products/aab56ca0-bac0-4798-ad35-07dc0caef9cd23101147.jpg,91900
"Apple iPhone 13 Mini (128 GB Storage, Blue)",https://d2xamzlzrdbdbn.cloudfront.net/products/2042f42d-43c4-49e7-9d16-049527e3a88621170527.jpg,64900
"Apple iPhone 14 Pro Max (512 GB, Silver)",https://d2xamzlzrdbdbn.cloudfront.net/products/40a15efa-6964-4525-ac05-db0e091ac9a922090618.jpg,161900
"Apple iPhone 14 (512 GB, Starlight)",https://d2xamzlzrdbdbn.cloudfront.net/products/b23e5163-5a25-40d4-9113-e56ccc61589322081210.jpg,103900
"Apple iPhone 13 Pro (1 TB Storage, Gold)",https://d2xamzlzrdbdbn.cloudfront.net/products/ee74df8d-57ef-46b7-ba71-e671cd100fda21170619.jpg,169890
"Apple iPhone 14 Plus (256 GB, Purple)",https://d2xamzlzrdbdbn.cloudfront.net/products/5a52daf7-b952-4555-91af-3b844686d6b822090547.jpg,91900
"Apple iPhone 13 Mini (256 GB Storage, (Product) Red)",https://d2xamzlzrdbdbn.cloudfront.net/products/b516547f-4841-4c0b-965c-7887faac2f0f21170533.jpg,72900
"Apple iPhone 13 Pro Max (128 GB, Alpine Green)",https://d2xamzlzrdbdbn.cloudfront.net/products/2cd086fa-2c90-4d69-bd5a-17d83a638c3122111345.jpg,122000
"Apple iPhone 14 Pro Max (512 GB, Gold)",https://d2xamzlzrdbdbn.cloudfront.net/products/0f92ada2-b2af-40d3-a6ec-42d08d43396222090633.jpg,161900
"Apple iPhone 14 Pro Max (1 TB, Silver)",https://d2xamzlzrdbdbn.cloudfront.net/products/96635805-8e62-47ee-9cb9-cfd3eb941b7022090618.jpg,180900
"Apple iPhone 14 Pro Max (256 GB, Silver)",https://d2xamzlzrdbdbn.cloudfront.net/products/4419bfbf-cecd-4f0c-af55-41a6d011227222090617.jpg,148900
"Apple iPhone 14 Plus (512 GB, (Product)Red)",https://d2xamzlzrdbdbn.cloudfront.net/products/3232a3dd-fa9f-4508-ae0a-0e5cbb64e1c922090608.jpg,110999
"Apple iPhone 14 Pro Max (1 TB, Space Black)",https://d2xamzlzrdbdbn.cloudfront.net/products/72099fb8-372f-486c-8b83-8c465636647722090603.jpg,180900
"Apple iPhone 14 Pro Max (512 GB, Space Black)",https://d2xamzlzrdbdbn.cloudfront.net/products/3d219f28-2976-416f-898f-6c322617404922090603.jpg,161900
"Apple iPhone 14 Plus (512 GB, Blue)",https://d2xamzlzrdbdbn.cloudfront.net/products/865af1b3-0ea2-4c88-8a0e-40616753524e22090559.jpg,110999
"Apple iPhone 14 Plus (256 GB, Blue)",https://d2xamzlzrdbdbn.cloudfront.net/products/8f561c0b-f0ee-45bd-a7ac-a530f8ee49d322090600.jpg,91900
"Apple iPhone 14 Pro (1 TB, Deep Purple)",https://d2xamzlzrdbdbn.cloudfront.net/products/96b94b25-8adf-4e13-bc7b-eac320b27d3122090547.jpg,170900
"Apple iPhone 14 Plus (512 GB, Purple)",https://d2xamzlzrdbdbn.cloudfront.net/products/dbc75a97-e532-4ccc-a8b9-1e10b06657e722090546.jpg,110999
"Apple iPhone 14 Plus (512 GB, Starlight)",https://d2xamzlzrdbdbn.cloudfront.net/products/8936c675-1a9a-41af-bd3c-459e444d785b22090541.jpg,110999
"Apple iPhone 14 Pro (1 TB, Gold)",https://d2xamzlzrdbdbn.cloudfront.net/products/1eff755b-8f43-47f0-890c-53d4efc2b4cd22090534.jpg,170900
"Apple iPhone 14 Pro (512 GB, Gold)",https://d2xamzlzrdbdbn.cloudfront.net/products/e04f3ce5-e256-479a-b145-3a7904a55a3422090534.jpg,151900
"Apple iPhone 14 Pro  ( 1 TB, Silver)",https://d2xamzlzrdbdbn.cloudfront.net/products/022a1863-fd10-461d-9754-8e4ffb0e585722090519.jpg,170900
"Apple iPhone 14 Pro (512 GB, Silver)",https://d2xamzlzrdbdbn.cloudfront.net/products/5d1b1d8c-5f50-46c0-9f2f-2230bac684c822090521.jpg,151900
"Apple iPhone 14 (512 GB, (Product)Red)",https://d2xamzlzrdbdbn.cloudfront.net/products/85b7b551-c72e-4e6c-80fd-ed5fdeccae3b22090512.jpg,103900
"Apple iPhone 14 (256 GB, (Product)Red)",https://d2xamzlzrdbdbn.cloudfront.net/products/4e0c7d55-9704-491e-8a27-47929aca453c22090511.jpg,83490
"Apple iPhone 14 (512 GB, Purple)",https://d2xamzlzrdbdbn.cloudfront.net/products/d5af1f4d-b9dc-462a-a423-f229e50a15a922081222.jpg,103900
"Apple iPhone 14 (512 GB, Midnight)",https://d2xamzlzrdbdbn.cloudfront.net/products/849712bc-78eb-41cd-b9a4-4899af29cf8c22081202.jpg,103900
"Apple iPhone 13 Pro Max (512 GB Storage, Alpine Green)",https://d2xamzlzrdbdbn.cloudfront.net/products/45a9e98e-4516-40ac-9de7-8cdb114474e522111353.jpg,129900
"Apple iPhone 13 Pro Max (256 GB, Alpine Green)",https://d2xamzlzrdbdbn.cloudfront.net/products/243a0d58-410e-4d6e-96ce-c90acbb69b1d22111351.jpg,136590
"Apple iPhone 13 Pro Max (1 TB Storage, Alpine Green)",https://d2xamzlzrdbdbn.cloudfront.net/products/39593e9e-8fcf-4a08-9e78-95f94b121a7e22111346.jpg,169000
"Apple iPhone 13 Pro (512 GB, Alpine Green)",https://d2xamzlzrdbdbn.cloudfront.net/products/d24d291a-d5b7-45ea-aed1-19df50ac849122111335.jpg,146840
"Apple iPhone 13 Pro (1 TB, Alpine Green)",https://d2xamzlzrdbdbn.cloudfront.net/products/f5e0f576-ab6d-4cb2-81ef-97cc7a2fefcb22111322.jpg,169900
"Apple iPhone 13 Pro (256 GB, Alpine Green)",https://d2xamzlzrdbdbn.cloudfront.net/products/66d6056e-e588-4b03-a44b-74685197003622111313.jpg,122199
"Apple iPhone 13 Pro (128 GB, Alpine Green)",https://d2xamzlzrdbdbn.cloudfront.net/products/8945a826-131c-4cf0-b985-6fb29387642c22111311.jpg,111600
"Apple iPhone SE 3rd Gen (256 GB Storage, (Product)Red)",https://d2xamzlzrdbdbn.cloudfront.net/products/74a9e89d-c5d4-40be-a7ba-d5e12b92b71422111306.jpg,58900
"Apple iPhone 13 Mini (512 GB, Green)",https://d2xamzlzrdbdbn.cloudfront.net/products/9c7bd96a-f67a-4d71-9ae8-afcdb2b069a422061236.jpg,94900
"Apple iPhone SE 3rd Gen (256GB Storage, Midnight)",https://d2xamzlzrdbdbn.cloudfront.net/products/e7ba0ed6-0546-4239-8a3f-73993740e57722111254.jpg,58900
"Apple iPhone 13 Mini (256 GB, Green)",https://d2xamzlzrdbdbn.cloudfront.net/products/dbdaa21e-5c22-4bdf-9a34-00ca25a8763b22111248.jpg,94900
"Apple iPhone SE 3rd Gen (128GB Storage, (Product)Red)",https://d2xamzlzrdbdbn.cloudfront.net/products/3c8850b8-5851-401e-9d5d-5a61a1370cf522111233.jpg,46500
"Apple iPhone 13 Mini (128 GB, Green)",https://d2xamzlzrdbdbn.cloudfront.net/products/c17677c4-4496-4180-aef3-8ae1172995eb22111228.jpg,64900
"Apple iPhone SE 3rd Gen (128GB Storage, Midnight)",https://d2xamzlzrdbdbn.cloudfront.net/products/541b8c7b-fef9-4298-851f-55057e3092ab22111225.jpg,46500
"Apple iPhone 13 (512 GB, Green)",https://d2xamzlzrdbdbn.cloudfront.net/products/6edca9e1-e39a-4b1b-b0d4-eca0140c5a9922111219.jpg,94900
"Apple iPhone 13 Pro Max (1 TB Storage, Sierra Blue)",https://d2xamzlzrdbdbn.cloudfront.net/products/cfe8490f-f258-41a1-86ac-e4721d3c566a21170645.jpg,174500
"Apple iPhone 13 Pro Max (1 TB Storage, Graphite)",https://d2xamzlzrdbdbn.cloudfront.net/products/3a640e09-7d10-4f1b-bdf8-88a3de63875021170641.jpg,179900
"Apple iPhone 13 Pro Max (1 TB, Silver)",https://d2xamzlzrdbdbn.cloudfront.net/products/d32554b8-3341-4ccb-8e87-aef5a84a225a21170636.jpg,149900
"Apple iPhone 13 Pro (512 GB Storage, Silver)",https://d2xamzlzrdbdbn.cloudfront.net/products/6aa49a3c-5684-4bc1-b55a-77229ebc125521170633.jpg,139500
"Apple iPhone 13 Pro Max (1 TB Storage, Gold)",https://d2xamzlzrdbdbn.cloudfront.net/products/96521cd2-eeb2-4f6a-af61-c1276784d09c21170632.jpg,149900
"Apple iPhone 13 Pro (512 GB Storage, Sierra Blue)",https://d2xamzlzrdbdbn.cloudfront.net/products/611e94cd-9ec8-40f8-9b35-914394ef4a1221170632.jpg,139500
"Apple iPhone 13 Pro (512 GB Storage, Graphite)",https://d2xamzlzrdbdbn.cloudfront.net/products/514b4d91-994c-4424-ae2a-d3d40325c35721170631.jpg,139500
"Apple iPhone 13 Pro (512 GB Storage, Gold)",https://d2xamzlzrdbdbn.cloudfront.net/products/0bfd5a6d-2596-402d-8938-c3a5fff8d25c21170630.jpg,145400
"Apple iPhone 13 Pro (256 GB Storage, Silver)",https://d2xamzlzrdbdbn.cloudfront.net/products/f7914f11-7b00-4ccb-b19c-c9c6017ec8d421170628.jpg,126790
"Apple iPhone 13 Pro Max (512GB Storage, Sierra Blue)",https://d2xamzlzrdbdbn.cloudfront.net/products/e51655ed-cc49-4017-9213-1848c186d95221170628.jpg,159900
"Apple iPhone 13 Pro (256 GB Storage, Sierra Blue)",https://d2xamzlzrdbdbn.cloudfront.net/products/5f305959-6277-4579-b98d-89961c3eaed021170627.jpg,122199
"Apple iPhone 13 Pro (256 GB Storage, Graphite)",https://d2xamzlzrdbdbn.cloudfront.net/products/bd01b607-eaaa-4228-aafa-eecfd394380a21170626.jpg,120900
"Apple iPhone 13 Pro Max (512 GB Storage, Graphite)",https://d2xamzlzrdbdbn.cloudfront.net/products/8085146f-f7b2-4010-ad22-68c2b50e11cc21170623.jpg,150300
"Apple iPhone 13 Pro (1 TB Storage, Silver)",https://d2xamzlzrdbdbn.cloudfront.net/products/cfdf626a-91d7-47ad-984d-7cde8226fb9621170622.jpg,149900
"Apple iPhone 13 Pro (1 TB Storage, Sierra Blue)",https://d2xamzlzrdbdbn.cloudfront.net/products/206e594d-28f9-409e-9d85-e8a5b422f28621170621.jpg,169900
"Apple iPhone 13 Pro (1 TB Storage, Graphite)",https://d2xamzlzrdbdbn.cloudfront.net/products/452506cd-9c1a-4ed2-935c-94698ed103a221170620.jpg,159799
"Apple iPhone 13 Pro Max (512 GB, Silver)",https://d2xamzlzrdbdbn.cloudfront.net/products/b03f0782-7bbf-4c1a-8605-2b63aad7dd0021170619.jpg,150300
"Apple iPhone 13 Pro (128 GB Storage, Silver)",https://d2xamzlzrdbdbn.cloudfront.net/products/17e514bb-54d3-4ffb-b5aa-dc7f55d7c32921170618.jpg,111600
"Apple iPhone 13 Pro (128 GB Storage, Gold)",https://d2xamzlzrdbdbn.cloudfront.net/products/dce5eb95-8786-44a0-b57b-f2ab9bd7027a21170614.jpg,106900
"Apple iPhone 13 Pro Max (512 GB Storage, Gold)",https://d2xamzlzrdbdbn.cloudfront.net/products/680f371a-0ebe-4a17-9124-72ebc63bd71721170614.jpg,150300
"Apple iPhone 13 (512 GB Storage, Starlight)",https://d2xamzlzrdbdbn.cloudfront.net/products/54135db2-883c-4dd1-8234-db04735394d821170610.jpg,94900
"Apple iPhone 13 (512 GB Storage, Pink)",https://d2xamzlzrdbdbn.cloudfront.net/products/e8353b9e-db69-4c0b-9c06-a2e924d6099d21170609.jpg,94900
"Apple iPhone 13 Pro Max (256GB Storage, Sierra Blue)",https://d2xamzlzrdbdbn.cloudfront.net/products/e848bf24-23e8-464c-a076-9ca9d48d737e21170608.jpg,136590
"Apple iPhone 13 (512 GB Storage, Blue)",https://d2xamzlzrdbdbn.cloudfront.net/products/1256fe7f-6a21-40ad-aa8e-8f83601997cc21170606.jpg,94900
"Apple iPhone 13 (512 GB Storage, (Product) Red)",https://d2xamzlzrdbdbn.cloudfront.net/products/1b1bf514-6fad-4fa6-8ea3-d2ab0548d31e21170604.jpg,94900
"Apple iPhone 13 Pro Max (256 GB Storage, Graphite)",https://d2xamzlzrdbdbn.cloudfront.net/products/993af070-81e1-4b22-87c8-71b2145c2b9621170604.jpg,119900
"Apple iPhone 13 (256 GB Storage, Pink)",https://d2xamzlzrdbdbn.cloudfront.net/products/acf11b94-2d1f-48e3-bc9e-ecc98535ffef21170601.jpg,73900
"Apple iPhone 13 Pro Max (256 GB, Silver)",https://d2xamzlzrdbdbn.cloudfront.net/products/ea5fe241-d829-4072-b789-2a5c93a1521021170559.jpg,136590
"Apple iPhone 13 Pro Max (256 GB Storage, Gold)",https://d2xamzlzrdbdbn.cloudfront.net/products/2eb1eeb0-470e-48a0-9bcf-7d6f610a449521170554.jpg,130110
"Apple iPhone 13 Pro Max (128 GB Storage, Sierra Blue)",https://d2xamzlzrdbdbn.cloudfront.net/products/83908e0e-a0b2-4076-88c5-de2a69d551ac21170550.jpg,122100
"Apple iPhone 13 Mini (512 GB Storage, Starlight)",https://d2xamzlzrdbdbn.cloudfront.net/products/3d2bb196-35d8-4ed2-8a94-9614b557357b21170549.jpg,94900
"Apple iPhone 13 Mini (512 GB Storage, Pink)",https://d2xamzlzrdbdbn.cloudfront.net/products/c5042c0a-f148-4281-a960-152c09876b2921170548.jpg,94900
"Apple iPhone 13 Mini (512 GB Storage, Midnight)",https://d2xamzlzrdbdbn.cloudfront.net/products/be1cdd96-5050-4acc-8ad6-65e57939978221170547.jpg,94900
"Apple iPhone 13 Mini (512 GB Storage, Blue)",https://d2xamzlzrdbdbn.cloudfront.net/products/37be2582-b60a-409f-9291-d41d0feca50821170545.jpg,91900
"Apple iPhone 13 Pro Max (128 GB Storage, Graphite)",https://d2xamzlzrdbdbn.cloudfront.net/products/4e7b28c3-4db3-4097-ab92-65d0166a651821170544.jpg,109900
"Apple iPhone 13 Mini (512 GB Storage, (Product) Red)",https://d2xamzlzrdbdbn.cloudfront.net/products/9b07bdfe-0e7a-4c51-9f21-d7f4e6fec55e21170541.jpg,94900
"Apple iPhone 13 Mini (256 GB Storage, Pink)",https://d2xamzlzrdbdbn.cloudfront.net/products/36e196c0-d45c-4224-b62d-8615bbb8d5fe21170538.jpg,74900
"Apple iPhone 13 Pro Max (128 GB Storage, Silver)",https://d2xamzlzrdbdbn.cloudfront.net/products/8130d28f-9adb-4cfb-ac3b-e02fc3eec7cb21170536.jpg,127510
"Apple iPhone 13 Mini (256 GB Storage, Blue)",https://d2xamzlzrdbdbn.cloudfront.net/products/526c068e-f969-4218-93dd-eb1ab0f5378d21170535.jpg,72900
"Apple iPhone 13 Pro Max (128 GB Storage, Gold)",https://d2xamzlzrdbdbn.cloudfront.net/products/bbdc392e-61f4-462d-ab6a-7d1ab478eee021170531.jpg,122100
"Apple iPhone 13 Mini (128 GB Storage, (Product) Red)",https://d2xamzlzrdbdbn.cloudfront.net/products/93dd688b-95a3-4590-9ab0-7ae5cbefbcb321170421.jpg,64900
"Apple iPhone 12 (256 GB, Purple)",https://d2xamzlzrdbdbn.cloudfront.net/products/0e7ac309-bdb9-4530-9c83-c4fb786dbd12.jpg,74900
"Apple iPhone 12 (256 GB, Green)",https://d2xamzlzrdbdbn.cloudfront.net/products/da9064c0-84dc-46ce-bdfa-4b132e562c2d.jpg,74900
"Apple iPhone 12 (256 GB, Blue)",https://d2xamzlzrdbdbn.cloudfront.net/products/4d4850bd-1d06-4188-a571-316fa74c7817.jpg,74900
"Apple iPhone 12 (256 GB, (Product) Red)",https://d2xamzlzrdbdbn.cloudfront.net/products/cc4424c3-a885-40c1-a1e0-7a241b60d4ae.jpg,74900
"Apple iPhone 12 (256 GB, White)",https://d2xamzlzrdbdbn.cloudfront.net/products/78394db4-c161-4ab1-a961-cfda7810fd74.jpg,74900
"Apple iPhone 12 (256 GB, Black)",https://d2xamzlzrdbdbn.cloudfront.net/products/cb3c30f1-3ccc-4cc1-9b18-4c1a8b3adcbc.jpg,74900
"Apple iPhone 12 (64 GB, (Product) Red)",https://d2xamzlzrdbdbn.cloudfront.net/products/deaa7a08-f71e-4426-b504-a65587a467c1.jpg,54600
